source,scraped_at,travel_date,origin,destination,airline,flight_number,departure_time,arrival_time,departure_city,arrival_city,duration_minutes,stops,cabin,price_inr,currency,route,source_url,observation_id,flight_fingerprint
Yatra,2026-09-17T17:20:08,2026-09-18,DEL,BOM,Air India Express,IX-1056,05:35 Air India Express IX-1056,08:05,New Delhi,Mumbai,150.0,0.0,Economy,6490.0,INR,DEL-BOM,https://flight.yatra.com/air-search-ui/dom2/trigger,7eb6e9ec870c44b04cdeceadd98325ec046137851f673a073e8a4d7fe19b7332,1121df67f8907c0adcafcd1560827d5f33b1454010462cd9e276dd0b12d838e2
Yatra,2026-09-17T17:20:08,2026-09-18,DEL,BOM,Akasa Air,QP-2074,14:10 Akasa Air QP-2074,16:15,New Delhi,Navi Mumbai,125.0,0.0,Economy,6500.0,INR,DEL-BOM,https://flight.yatra.com/air-search-ui/dom2/trigger,7eab64c5a165394e1c936bba501f2e19e88156125bae32ac6dbf4912a191ed24,43f87f7c6670f316a6fdd7bca12ddd7cb96ac4838a93f43b8ddfecefd5329482
Yatra,2026-09-17T17:20:08,2026-09-18,DEL,BOM,,,,,,,,,Economy,,INR,DEL-BOM,https://flight.yatra.com/air-search-ui/dom2/trigger,abbae7485faf56473abb5119eb686a1d60d75f293707b194adaec3ecd3bd7d3f,aa82a39f1bb0c6632b5b2ea7bbe010c3622895fb86d7c1cd5490132fe6bbfac7
Yatra,2026-09-17T17:20:08,2026-09-18,DEL,BOM,IndiGo,6E-6470,06:55 IndiGo 6E-6470,09:05,New Delhi,Navi Mumbai,130.0,0.0,Economy,6529.0,INR,DEL-BOM,https://flight.yatra.com/air-search-ui/dom2/trigger,5bf8028e60c7aa08671f5f1c439a7d8cd1f4d57fdd9c7512f5d6d3188aaf44b4,4436b03d6bed98f2a0b18ca06c494f04494862a002db9002c76e1efbb33189fb
Yatra,2026-09-17T17:20:08,2026-09-18,DEL,BOM,IndiGo,6E-324,13:00 IndiGo 6E-324,15:10,New Delhi,Mumbai,130.0,0.0,Economy,6530.0,INR,DEL-BOM,https://flight.yatra.com/air-search-ui/dom2/trigger,3549deea1a16902c4b1bfd48a0dd30b4dca4a790196f011a489fdda632f7259d,342bf259f91207672e5c6857ce1c436a9f29480a0b63c887066b3b6d4fb7b192
Yatra,2026-09-17T17:20:08,2026-09-18,DEL,BOM,IndiGo,6E-449,05:00 IndiGo 6E-449,07:15,New Delhi,Mumbai,135.0,0.0,Economy,6530.0,INR,DEL-BOM,https://flight.yatra.com/air-search-ui/dom2/trigger,3f7acdecfc3c205af1793682704114d4eda090ee984a5faeeadd615cb283eb0a,79a87975764e2b78f2d61b8680f128c1fbdd23ce93bac2d90d8acd983ce53274
Yatra,2026-09-17T17:20:08,2026-09-18,DEL,BOM,IndiGo,6E-6218,06:05 IndiGo 6E-6218,08:20,New Delhi,Mumbai,135.0,0.0,Economy,6530.0,INR,DEL-BOM,https://flight.yatra.com/air-search-ui/dom2/trigger,15799344549c96880d5f18b7555d6bbb937d7ac355edfe89d18ec818ee064218,245d366c68dcc52e29c188851041fd7ce9701f2bc16cf7cdb8ed9316a8618943
Yatra,2026-09-17T17:20:08,2026-09-18,DEL,BOM,IndiGo,6E-6814,07:15 IndiGo 6E-6814,09:30,New Delhi,Mumbai,135.0,0.0,Economy,6530.0,INR,DEL-BOM,https://flight.yatra.com/air-search-ui/dom2/trigger,1f0cdd475cd85a3439ec0d08f44667530d490ee4b15661651da9354c540bf65a,be85b6a2e6d74ddcab7d2c061609b3a8aa4ba3de379acda9c65497da7be41d54
Yatra,2026-09-17T17:20:08,2026-09-18,DEL,BOM,Akasa Air,QP-1110,10:30 Akasa Air QP-1110,12:45,New Delhi,Mumbai,135.0,0.0,Economy,6530.0,INR,DEL-BOM,https://flight.yatra.com/air-search-ui/dom2/trigger,bda436fd4240d8205873bea5d4baa33ffc9f13903c4e738b9aaceac888460b31,c2ff0f021869f5e642e8c1c867d8f48c3af37c28fdb52237942411d2ac521d8a
Yatra,2026-09-17T17:20:08,2026-09-18,DEL,BOM,IndiGo,6E-6047,11:00 IndiGo 6E-6047,13:15,New Delhi,Mumbai,135.0,0.0,Economy,6530.0,INR,DEL-BOM,https://flight.yatra.com/air-search-ui/dom2/trigger,90c064040ca656ceb5a8eaeebe2c51212bb710c7d5bb65607226a81a9344eff8,bb72c9ea0631dbae4454311047775f0dba347a5ca8cb2ee8204b2ccb7c64a37e
Yatra,2026-09-17T17:20:08,2026-09-18,DEL,BOM,IndiGo,6E-6676,12:00 IndiGo 6E-6676,14:15,New Delhi,Mumbai,135.0,0.0,Economy,6530.0,INR,DEL-BOM,https://flight.yatra.com/air-search-ui/dom2/trigger,503faa3748ff9194bba8dd4fd8b3dcbf85d0b4a5037bbb0c4bacf7c54e47e4b2,eea4d6ed396fe9d65893fc70b4a05daaa45ee6a73d393923ad7621415ed92ec3
Yatra,2026-09-17T17:20:08,2026-09-18,DEL,BOM,IndiGo,6E-6318,14:45 IndiGo 6E-6318,17:00,New Delhi,Mumbai,135.0,0.0,Economy,6530.0,INR,DEL-BOM,https://flight.yatra.com/air-search-ui/dom2/trigger,b41eaef5863e7dce8818a01159a21e1f91a17e6b0591b920e5fde9b3b4a49957,fa1543f5363230e43d47958e466636b44f579d842abcc859507135abad8ee81f
Yatra,2026-09-17T17:20:08,2026-09-18,DEL,BOM,IndiGo,6E-864,15:30 IndiGo 6E-864,17:45,New Delhi,Mumbai,135.0,0.0,Economy,6530.0,INR,DEL-BOM,https://flight.yatra.com/air-search-ui/dom2/trigger,ccd3a64244ff4adf1caf32e7c635c3907c2c9087955ee7eed90929d1a94d6482,8599a56f68ca13be42df8f926189bfdf8c08765e49a88bbfb7f9f870abf16a6f
Yatra,2026-09-17T17:20:08,2026-09-18,DEL,BOM,Akasa Air,QP-1833,06:50 Akasa Air QP-1833,09:10,New Delhi,Mumbai,140.0,0.0,Economy,6530.0,INR,DEL-BOM,https://flight.yatra.com/air-search-ui/dom2/trigger,215d2c296e5c5a8f0ebc3f0282d10bbd7b34da9640eed34668b7ab82641c465e,66f71c6f57705511853508d46c6f6284e7aacb6674a3b8bf90c0872efc1669cb
Yatra,2026-09-17T17:20:08,2026-09-18,DEL,BOM,IndiGo,6E-320,08:00 IndiGo 6E-320,10:20,New Delhi,Mumbai,140.0,0.0,Economy,6530.0,INR,DEL-BOM,https://flight.yatra.com/air-search-ui/dom2/trigger,cbd12e2ad8823333d5cc4e389ffd836ee0e736c45b37eb9396d69b83ee503f2e,fe280fc9a5333bbe288571a5fccd18637828246f41d4d71ea8ac637708e70b9e
Yatra,2026-09-17T17:20:08,2026-09-18,DEL,BOM,Akasa Air,QP-1112,09:20 Akasa Air QP-1112,11:40,New Delhi,Mumbai,140.0,0.0,Economy,6530.0,INR,DEL-BOM,https://flight.yatra.com/air-search-ui/dom2/trigger,e38f52c72afeed5caaef07472466bd52e8e28a619f8fbcf0620bcf038c6cc836,14cd8cd534f4eb92cbfbdceceee43c1da855044b7e8a90b00630c66c5a75ca1b
Yatra,2026-09-17T17:20:08,2026-09-18,DEL,BOM,IndiGo,6E-6328,10:15 IndiGo 6E-6328,12:35,New Delhi,Mumbai,140.0,0.0,Economy,6530.0,INR,DEL-BOM,https://flight.yatra.com/air-search-ui/dom2/trigger,4cfb44b36cf12662e9ce8e5cadc45e728b8cfe78c8680b644357675277b6d105,a3e9f673c6f76fac1d244e4bd5f88819a8eed7b131b58a169d96ae6b7b732fcb
Yatra,2026-09-17T17:20:08,2026-09-18,DEL,BOM,Akasa Air,QP-1119,08:40 Akasa Air QP-1119,11:05,New Delhi,Mumbai,145.0,0.0,Economy,6530.0,INR,DEL-BOM,https://flight.yatra.com/air-search-ui/dom2/trigger,78f90ea33f1ae1f8c27b2c455ad26df367d4354a7900adf49f37f703aaa525c2,7cdc661262f86194364cc12d3f6335aea2158ebb17bec77494c2aaad89b46c36
Yatra,2026-09-17T17:20:08,2026-09-18,DEL,BOM,IndiGo,6E-6107,09:30 IndiGo 6E-6107,11:55,New Delhi,Mumbai,145.0,0.0,Economy,6530.0,INR,DEL-BOM,https://flight.yatra.com/air-search-ui/dom2/trigger,ecda59ab98d7dbebb81b8b1ab0b9e2ecd849994ecbaf2b561e2c1c5d9d41589e,bce9e543e375c3829615d6a4e29d8617d20634d694c873e4d1818e08b58a5ef9
Yatra,2026-09-17T17:20:08,2026-09-18,DEL,BOM,Akasa Air,QP-1836,12:30 Akasa Air QP-1836,14:55,New Delhi,Mumbai,145.0,0.0,Economy,6530.0,INR,DEL-BOM,https://flight.yatra.com/air-search-ui/dom2/trigger,fab919f8fe78d1d8fe4b65b0e13008a23c148988a6f7cce88d34a44ecffcedbc,fcbf9a594dfc69bc09af8447f510d55ae374be1e082eeb2fa20193a76a63ada5
Yatra,2026-09-17T17:20:08,2026-09-18,DEL,BOM,IndiGo,6E-6022,14:00 IndiGo 6E-6022,16:25,New Delhi,Mumbai,145.0,0.0,Economy,6530.0,INR,DEL-BOM,https://flight.yatra.com/air-search-ui/dom2/trigger,4385e689e2cc35ffbea47ee4b99b8721e219b609a0edc134c644d52e56418261,d1e44609df13d3efd90f34f560172fb89cc892457808d0ec6f329b71453ee226
Yatra,2026-09-17T17:20:08,2026-09-18,DEL,BOM,Akasa Air,QP-1128,16:00 Akasa Air QP-1128,18:20,New Delhi,Mumbai,140.0,0.0,Economy,6609.0,INR,DEL-BOM,https://flight.yatra.com/air-search-ui/dom2/trigger,aa9c4c80d0c218d68d13d52330d8f820953ae227f650955e8cb88bea57278649,d664858c4ad45e84b8a4d3f582d2386a3fd67afaac9560d21fa4e1fc992f0ff9
Yatra,2026-09-17T17:20:08,2026-09-18,DEL,BOM,Air India Express,IX-1392/1027,23:25 Air India Express IX-1392/1027,11:05 + 1 day,New Delhi,Mumbai,700.0,1.0,Economy,6611.0,INR,DEL-BOM,https://flight.yatra.com/air-search-ui/dom2/trigger,306c4b8508243b827ad80745a630e606142117bfd6013636f67940ee448fc1e2,46b5f84caf2b5af8fcd326060bcee8f6db60ae4949f5a2365986b6ed6e5fa923
Yatra,2026-09-17T17:20:08,2026-09-18,DEL,BOM,Akasa Air,QP-1940,14:05 Akasa Air QP-1940,16:20,Noida,Mumbai,135.0,0.0,Economy,6618.0,INR,DEL-BOM,https://flight.yatra.com/air-search-ui/dom2/trigger,3ec6fd2abd1dccf2438683ac97555ad9a6a16b468ef603a09b5e75f1c45a681d,0664f220673addcbfa129a2b38af2749822cf5242da980b361c084dc4c281030
Yatra,2026-09-17T17:20:08,2026-09-18,DEL,BOM,IndiGo,6E-5198,15:00 IndiGo 6E-5198,17:15,Noida,Mumbai,135.0,0.0,Economy,6618.0,INR,DEL-BOM,https://flight.yatra.com/air-search-ui/dom2/trigger,3fc87e0a2eed5d6d07613a2901d65392f7a3d8c2a86fa27606ca4a142847eff5,c7aa102196924baab9b9457342be4651b75e1536202befad213bb56d1aa22153
Yatra,2026-09-17T17:20:08,2026-09-18,DEL,BOM,IndiGo,6E-6983/2104,15:35 IndiGo 6E-6983/2104,20:50,New Delhi,Mumbai,315.0,1.0,Economy,6618.0,INR,DEL-BOM,https://flight.yatra.com/air-search-ui/dom2/trigger,9ecb18a54fe9793b5eae7da0c70316c4539f138aeb154d346e98c73e97d98cee,aace171d1a25884a8c82560a705966e4ff758f5df36c9a9be13dd9d2d22c76a4
